{
  "providers": {
    "awscloudformation": {
      "AuthRoleName": "amplify-mrms-dev-120422-authRole",
      "UnauthRoleArn": "arn:aws:iam::692490654217:role/amplify-mrms-dev-120422-unauthRole",
      "AuthRoleArn": "arn:aws:iam::692490654217:role/amplify-mrms-dev-120422-authRole",
      "Region": "us-east-1",
      "DeploymentBucketName": "amplify-mrms-dev-120422-deployment",
      "UnauthRoleName": "amplify-mrms-dev-120422-unauthRole",
      "StackName": "amplify-mrms-dev-120422",
      "StackId": "arn:aws:cloudformation:us-east-1:692490654217:stack/amplify-mrms-dev-120422/0a5dddf0-5611-11ed-af64-0e260fe472a5",
      "AmplifyAppId": "d2euw41san1usf"
    }
  },
  "api": {
    "mrms": {
      "service": "AppSync",
      "providerPlugin": "awscloudformation",
      "dependsOn": [],
      "output": {
        "authConfig": {
          "defaultAuthentication": {
            "authenticationType": "API_KEY",
            "apiKeyConfig": {
              "apiKeyExpirationDays": 365,
              "apiKeyExpirationDate": "2023-12-01T14:02:48.304Z",
              "description": "mrmsapikey"
            }
          },
          "additionalAuthenticationProviders": []
        },
        "GraphQLAPIIdOutput": "c42q7n7jlzhjtpxkdj7ej74ism",
        "GraphQLAPIEndpointOutput": "https://flbeizkcb5hifcb5aqk3p34woq.appsync-api.us-east-1.amazonaws.com/graphql",
        "GraphQLAPIKeyOutput": "da2-okgblszvnvabfg3x4u5suddzu4"
      },
      "providerMetadata": {
        "s3TemplateURL": "https://s3.amazonaws.com/amplify-mrms-dev-120422-deployment/amplify-cfn-templates/api/cloudformation-template.json",
        "logicalId": "apimrms"
      },
      "lastPushTimeStamp": "2023-01-31T17:01:47.626Z",
      "lastPushDirHash": "XV8omdMxIQmMsX4YtCdVMnC1Xs0=",
      "testMode": true
    }
  },
  "hosting": {
    "amplifyhosting": {
      "service": "amplifyhosting",
      "providerPlugin": "awscloudformation",
      "type": "manual",
      "providerMetadata": {
        "s3TemplateURL": "https://s3.amazonaws.com/amplify-mrms-dev-120422-deployment/amplify-cfn-templates/hosting/amplifyhosting-template.json",
        "logicalId": "hostingamplifyhosting"
      },
      "lastPushTimeStamp": "2023-01-31T17:01:46.340Z",
      "output": {},
      "lastPushDirHash": "j2IvXOAWXNQcrzHwUgPCcAP6wGA="
    }
  },
  "auth": {
    "mrmsd8d7189c": {
      "service": "Cognito",
      "providerPlugin": "awscloudformation",
      "dependsOn": [],
      "customAuth": false,
      "frontendAuthConfig": {
        "socialProviders": [],
        "usernameAttributes": [
          "EMAIL"
        ],
        "signupAttributes": [
          "EMAIL"
        ],
        "passwordProtectionSettings": {
          "passwordPolicyMinLength": 8,
          "passwordPolicyCharacters": []
        },
        "mfaConfiguration": "OFF",
        "mfaTypes": [
          "SMS"
        ],
        "verificationMechanisms": [
          "EMAIL"
        ]
      },
      "providerMetadata": {
        "s3TemplateURL": "https://s3.amazonaws.com/amplify-mrms-dev-120422-deployment/amplify-cfn-templates/auth/mrmsd8d7189c-cloudformation-template.json",
        "logicalId": "authmrmsd8d7189c"
      },
      "lastPushTimeStamp": "2023-01-31T17:01:46.346Z",
      "output": {
        "UserPoolId": "us-east-1_5qN0j2x8u",
        "AppClientIDWeb": "1an1lokipnohurkumajdtea8q5",
        "AppClientID": "7ic2lk19t1lep6vmdkhnauulsd",
        "IdentityPoolId": "us-east-1:b3f92c2c-4e0d-40c6-9d91-03b315d24dde",
        "UserPoolArn": "arn:aws:cognito-idp:us-east-1:692490654217:userpool/us-east-1_5qN0j2x8u",
        "IdentityPoolName": "mrmsd8d7189c_identitypool_d8d7189c__dev",
        "UserPoolName": "mrmsd8d7189c_userpool_d8d7189c"
      },
      "lastPushDirHash": "EJnTkXowgEossxnfwJUe6T8Rnww="
    },
    "userPoolGroups": {
      "service": "Cognito-UserPool-Groups",
      "providerPlugin": "awscloudformation",
      "dependsOn": [
        {
          "category": "auth",
          "resourceName": "mrmsd8d7189c",
          "attributes": [
            "UserPoolId",
            "AppClientIDWeb",
            "AppClientID",
            "IdentityPoolId"
          ]
        }
      ],
      "lastPushTimeStamp": "2023-01-31T17:01:46.351Z",
      "providerMetadata": {
        "s3TemplateURL": "https://s3.amazonaws.com/amplify-mrms-dev-120422-deployment/amplify-cfn-templates/auth/userPoolGroups-cloudformation-template.json",
        "logicalId": "authuserPoolGroups"
      },
      "output": {
        "mrmsawsGroupRole": "arn:aws:iam::692490654217:role/us-east-1_5qN0j2x8u-mrmsawsGroupRole"
      },
      "lastPushDirHash": "uOJFZPAOgnCwmhCAL8J/AXlce5c=",
      "userPoolGroups": {
        "service": "Cognito-UserPool-Groups",
        "providerPlugin": "awscloudformation",
        "dependsOn": [
          {
            "category": "auth",
            "resourceName": "mrmsd8d7189c",
            "attributes": [
              "UserPoolId",
              "AppClientIDWeb",
              "AppClientID",
              "IdentityPoolId"
            ]
          }
        ]
      }
    }
  }
}